url,product,id,name,mrp,discounted,star1,star2,star3,star4,star5
https://www.amazon.in//Disposable-Packets-Elastic-Ear-Loop-Quality/dp/B073XM2KP3?dchild=1,facemasks,B073XM2KP3,"SURGICOMFORT Non Woven Elastic Ear-Loop Disposable Face Mask, 100 Pieces"," ₹ 1,000.00",₹ 151.00,40,9,13,14,24
https://www.amazon.in//Mediweave-Reusable-Cotton-Non-Woven-Filter/dp/B087N7WWGD?dchild=1,facemasks,B087N7WWGD,"Mediweave Reusable 100% Cotton Cloth Face Mask with Non-Woven Filter Mix Color (Pack of 7, Assorted Print and Colors, Images are representative)", ₹ 499.00,₹ 324.00,30,12,15,17,27
https://www.amazon.in//Non-Woven-Disposable-Medical-without-Nose-Pin/dp/B08FJ9JXXW?dchild=1,facemasks,B08FJ9JXXW,RSM 3 Layer Non-Woven Disposable Medical Face Mask without Nose-Pin (Pack of 50), ₹ 349.00,₹ 249.00,0,0,0,0,0
https://www.amazon.in//Steelbird-SBA-2-7Wings-Protector-Everyone/dp/B0897TYXTT?dchild=1,facemasks,B0897TYXTT,"Steelbird SBA-2 7Wings Unisex Helmet Visor Face Shield, Static Full Face Protector For Each and Everyone (Pack of 2)", ₹ 898.00,₹ 799.00,5,3,6,25,61
https://www.amazon.in//Vocado-Layer-Filter-Protection-Adults/dp/B089K91MK8?dchild=1,facemasks,B089K91MK8,"Vocado 5 Layer Filter Protection Face Mask Kn95 With Nose Clip for Adults (Pack of 4, White)", ₹ 399.00,₹ 121.00,40,11,14,16,19
https://www.amazon.in//Van-Heusen-Mens-Cotton-VHMSBRGPH53287_Assorted_Free/dp/B0883CG5Y9?dchild=1,facemasks,B0883CG5Y9,Van Heusen Men's Cotton Face Mask (VHMSBRGPH53287_Assorted_Free Size), ₹ 499.00,₹ 394.00,23,8,11,22,37
https://www.amazon.in//Mobistik-Disposable-Layer-Filter-Woven/dp/B089YNHRP9?dchild=1,facemasks,B089YNHRP9,Mobistik Disposable Face Mask with 3 Layer Filter Non Woven (Pack of 10), ₹ 399.00,₹ 149.00,19,5,7,8,60
https://www.amazon.in//AMMINO-Pollution-Dustproof-Reusable-Washable/dp/B08FNKM28R?dchild=1,facemasks,B08FNKM28R,AMMINO India Anti Pollution Dustproof/Block Print Reusable Washable 2 Ply Cotton Face Mask Made in India for Men and Women -(Pack of 5), ₹ 399.00,₹ 239.00,0,0,0,0,0
https://www.amazon.in/Shocknshop-Multicolor-Printed-Reusable-Washable/dp/B08D6S5ZFN,facemasks,B08D6S5ZFN,Shocknshop Cotton Multicolor Printed Reusable And Washable Face Mask - Pack of 3, ₹ 899.00,₹ 299.00,33,9,0,0,58
https://www.amazon.in//Marcloire-certified-6-Layered-Protection-Blue-Grey/dp/B08D1M8XJS?dchild=1,facemasks,B08D1M8XJS,Marcloire Standard Size Adult ISO CE certified Printed Reusable/Washable 6-Layered Outdoor Protection Face Mask with Improved Ear Loops for Men/Women(Pack of 2) (Blue-Grey), ₹ 599.00,₹ 265.00,0,0,0,0,0
https://www.amazon.in/Gear-Pro-Plus-Face-Black/dp/B01ALULL9C,facemasks,B01ALULL9C,"Le Gear Face Mask Pro+ for Bike, Ski, Cycling, Running, Hiking - Protects from Wind, Sun, Dust - 4 Way Stretch - #1 Rated Face Protection Mask (Black)", ₹ 700.00,₹ 265.00,9,6,12,25,48
https://www.amazon.in//Scott-International-Unisex-Reusable-Black/dp/B088TRHWYP?dchild=1,facemasks,B088TRHWYP,Scott International Unisex Reusable Face Mask, ₹ 597.00,₹ 169.00,20,8,13,24,35
https://www.amazon.in//Upline-Baby-Face-Washable-Reusable/dp/B089QFGSJJ?dchild=1,facemasks,B089QFGSJJ,Upline LSARIMO Baby Face mask Washable and Reusable for Kids (6 Kids Loving Color), ₹ 899.00,₹ 459.00,10,10,10,23,48
https://www.amazon.in//Marcloire-certified-6-Layered-Protection-Black-Grey/dp/B08CDMQGZN?dchild=1,facemasks,B08CDMQGZN,"Marcloire Standard Size Adult ISO CE certified Reusable/Washable 6-Layered Outdoor Protection Face Mask with Improved Ear Loops for Men/Women(Pack of 2) (Dotted, Black-Grey)", ₹ 599.00,₹ 240.00,17,12,1,20,51
https://www.amazon.in//Pure-Herbology-natural-sandalwood-powder/dp/B07VH4B1PJ?dchild=1,facemasks,B07VH4B1PJ,"Pure Herbology pure and natural sandalwood powder, best for face mask, skin care, 100gm", ₹ 199.00,₹ 179.00,12,4,10,25,48
https://www.amazon.in/Autofy-Multipurpose-Freesize-Headwrap-Motorcycle/dp/B07JVJGKP4,facemasks,B07JVJGKP4,Autofy Unisex Bandana Combo Multipurpose Freesize Lycra Headwrap Riding Hair Band Motorcycle Face Mask For Men And Women (Set of 4), ₹ 799.00,₹ 240.00,28,11,15,19,28
https://www.amazon.in//Marcloire-Standard-certified-6-Layered-Protection/dp/B08CDLZJB5?dchild=1,facemasks,B08CDLZJB5,"Marcloire Standard Size Adult ISO CE certified Reusable/Washable 6-Layered Outdoor Protection Face Mask with Improved Ear Loops for Men/Women (Combo-2, Pack of 6)", ₹ 999.00,₹ 699.00,25,0,32,18,25
https://www.amazon.in//YAPZONE-Beautiful-Runnimg-Unicorn-shining/dp/B08CPDSBSR?dchild=1,facemasks,B08CPDSBSR,YAPZONE Beautiful Runnimg Unicorn shining printed face mask for kids, ₹ 299.00,₹ 139.00,0,0,0,0,0
https://www.amazon.in//Bismaadh-Face-Mask-Protection-12/dp/B07XMN8HQN?dchild=1,facemasks,B07XMN8HQN,"Bismaadh UV Face Mask - Neck Gaiter for Dust & Sun Protection - Face Cover/Scarf for Fishing, Hiking, Cycling & ATV Riding - UPF 30 Breathable Summer Balaclava - Moisture Wicking 12-in-1 Headwear", ₹ 599.00,₹ 199.00,52,9,9,8,22
https://www.amazon.in//Gear-Pro-Plus-Face-White/dp/B01EN0US4U?dchild=1,facemasks,B01EN0US4U,"LeGear Balaclava Face Mask Pro+ for Bike, Ski, Cycling, Running, Hiking - Protects From Wind, Sun, Dust - 4 Way Stretch - #1 Rated Face Protection Mask (White)", ₹ 499.00,₹ 280.00,7,5,13,24,50
https://www.amazon.in//PrimeBox-Black-Helmet-Types-Bikers/dp/B0813HR4RH?dchild=1,facemasks,B0813HR4RH,PrimeBox Black Full Face Mask Helmet Types Full Face Cover For Bikers, ₹ 499.00,₹ 150.00,0,0,0,0,0
https://www.amazon.in//Autoridez-Fabric-Skull-Bikers-Protection/dp/B07JCNWNVH?dchild=1,facemasks,B07JCNWNVH,PrimeBox Men's Cotton Fabric Skull Style Dust Protection Face Mask for Bikers (Black), ₹ 399.00,₹ 135.00,28,13,17,7,36
https://www.amazon.in//Neysa-Face-Cycling-Running-Hiking/dp/B08BJ7QZRY?dchild=1,facemasks,B08BJ7QZRY,"Neysa Face Mask Pro+ for Bike, Ski, Cycling, Running, Hiking - Protects from Wind, Sun, Dust - 4 Way Stretch - Face Protection Mask (Black)", ₹ 449.00,₹ 349.00,0,0,0,0,0
https://www.amazon.in//Steelbird-7Wings-Unisex-Protector-Everyone/dp/B08B5G2QHH?dchild=1,facemasks,B08B5G2QHH,"Steelbird SBA-2 7Wings Unisex Helmet Visor Face Shield, Static Full Face Protector,Face Mask For Each and Everyone (Pack of 2)", ₹ 898.00,₹ 750.00,15,11,6,20,48
https://www.amazon.in//Shocknshop-Multicolor-Printed-Reusable-Washable/dp/B08D6NDRQC?dchild=1,facemasks,B08D6NDRQC,Shocknshop Cotton Multicolor Printed Reusable And Washable Cloth Face Mask - Pack of 3, ₹ 899.00,₹ 299.00,0,0,0,0,0
https://www.amazon.in/Kaya-Youth-Oxy-Infusion-Face-Brightening/dp/B07WS98Q3B,facemasks,B07WS98Q3B,"Kaya Youth Oxygen Boost Brightening Face Mask,15 min Instant Home Facial Mask,Reduce Dullness,Brighten Skin Tone,Glowing Skin,Developed by Dermatologists, 1 pc", ₹ 125.00,₹ 94.00,4,11,24,23,39
https://www.amazon.in/Gear-Standard-Safeguard-certified-Filtration/dp/B087XLKLQY,facemasks,B087XLKLQY,F Gear Standard Size Mask for Adult Color Black F95 Safeguard 7 layer ISO CE SITRA lab certified >95% Bacteria Filtration Face Mask pack of 3 (3450), ₹ 399.00,₹ 300.00,17,8,15,25,35
https://www.amazon.in//Shocknshop-Multicolor-Bohemian-Reusable-Washable/dp/B08DCPP3VR?dchild=1,facemasks,B08DCPP3VR,Shocknshop Cotton Multicolor Crystal Bohemian Mandala Printed Reusable And Washable Face Mask - Pack of 3, ₹ 899.00,₹ 299.00,0,0,0,0,0
https://www.amazon.in/Boldfit-Pollution-protective-manufacturer-Ministry/dp/B08BFXSM4B,facemasks,B08BFXSM4B,"Boldfit N95 mask for face (Pack of 5) Anti Pollution, protective. Third Party Tested by manufacturer at SGS & Ministry of Textiles", ₹ 750.00,₹ 599.00,17,6,7,16,54
https://www.amazon.in//Generic-unbranded-Neoprene-Riding-Black/dp/B00MYYFMP8?dchild=1,facemasks,B00MYYFMP8,Generic (unbranded) Neoprene Half Face Bike Riding Mask (Black), ₹ 299.00,₹ 79.00,27,12,18,17,27
https://www.amazon.in//Lionsmill-Anti-Pollution-polyester-Multicolor-cartoon/dp/B089CZ1VGM?dchild=1,facemasks,B089CZ1VGM,"Lionsmill New Anti-Pollution Dust polyester face Mask For kids Boys Girls Unisex (Set Of 3) Multicolor cartoon masks (peppa pig, kids size)", ₹ 498.00,₹ 230.00,34,16,8,18,23
https://www.amazon.in/Acceptives-Fashions-Cycling-Pollution-Protection/dp/B07L5GFKR4,facemasks,B07L5GFKR4,Vocado Bike Riding and Cycling Anti Pollution Dust Half Ninja Face Cover Mask (Black), ₹ 199.00,₹ 89.00,24,11,14,19,31
https://www.amazon.in/BISMAADH-BSIMAADH-Cycling-Running-Hiking/dp/B08817JXJ7,facemasks,B08817JXJ7,"BISMAADH BSIMAADH Face Mask Pro+ for Bike, Ski, Cycling, Running, Hiking - Protects from Wind, Sun, Dust - 4 Way Stretch - Face Protection Balaclavas", ₹ 599.00,₹ 275.00,15,7,9,19,51
https://www.amazon.in//Suraj-Metals-Cycling-Pollution-Protecion/dp/B078SNSBTF?dchild=1,facemasks,B078SNSBTF,Vocado Bike Riding & Cycling Anti Pollution Dust Sun Protecion Half Ninja Face Cover Mask (Black), ₹ 299.00,₹ 139.00,34,8,17,13,29
https://www.amazon.in//Biotique-Fruit-Whitening-Depigmentation-Types/dp/B00791CPWO?dchild=1,facemasks,B00791CPWO,"Biotique Bio Fruit Whitening And Depigmentation & Tan Removal Face Pack, 75g", ₹ 199.00,₹ 136.00,7,5,13,28,47
https://www.amazon.in//Autoridez-Pollution-Protection-Bikers-Black/dp/B07JD39D8X?dchild=1,facemasks,B07JD39D8X,"PrimeBox Men's Anti Pollution Dust Protection Face Mask for Bikers (Black, Free Size)", ₹ 399.00,₹ 100.00,22,9,12,18,39
https://www.amazon.in//BAGHADBILLO-Cotton-Pollution-Protection-Filtering/dp/B08B8WD6G4?dchild=1,facemasks,B08B8WD6G4,"BAGHADBILLO Cotton double layered Reusable Cotton Mouth Nose Face Mask, Anti Pollution Bike/Scooter Driving Protection for Filtering The Air, Free Size (White 1 Pack of 5)"," ₹ 2,999.00",₹ 249.00,36,10,16,16,22
https://www.amazon.in//Marcloire-certified-5-Layered-Protection-Multi-Color/dp/B08CC9SL5C?dchild=1,facemasks,B08CC9SL5C,Marcloire Standard Size Adult ISO CE certified Reusable/Washable 5-Layered Outdoor Protection Face Mask with Improved Ear Loops for Men/Women(Pack of 3) (Multi-Color), ₹ 599.00,₹ 399.00,18,30,18,18,18
https://www.amazon.in/Collectible-India-Pollution-Dustproof-Reusable/dp/B089B7HCDP,facemasks,B089B7HCDP,Collectible India Men's and Women's Cotton Anti Pollution Dustproof/Block Print Reusable Washable Face Mask - Pack of 4, ₹ 599.00,₹ 158.00,47,13,3,15,22
https://www.amazon.in//Autofy-Unisex-Pollution-Disposable-Washable/dp/B0868T4QWD?dchild=1,facemasks,B0868T4QWD,Autofy SET OF 3 Unisex Anti Pollution Disposable Washable Face Mask For Men Women (Black), ₹ 599.00,₹ 164.00,34,12,8,8,39
https://www.amazon.in/YAPZONE-Beautiful-Supreme-logo-printed/dp/B08CNQ3K8F,facemasks,B08CNQ3K8F,YAPZONE Beautiful Supreme logo printed face mask, ₹ 299.00,₹ 139.00,0,0,0,0,0
https://www.amazon.in/Standard-Certified-Reusable-4-Layered-Protection/dp/B08CVM7PZT,facemasks,B08CVM7PZT,One8 Select By Virat Kohli 3D Mesh Mask Made in India Standard Size CE Certified Reusable/Washable 4-Layered Outdoor Protection Face Mask (Pack of 3)(Black), ₹ 499.00,₹ 399.00,50,0,0,0,50
https://www.amazon.in//womaniyaweb-Washable-Anti-dust-Windproof-Protective/dp/B0892LMFWX?dchild=1,facemasks,B0892LMFWX,womaniyaweb Unisex Cartoon Masks Washable Cotton Mask Anti-dust Reusable Black Mouth Mask Outdoor Health Windproof Protective Face Mask (3 piece), ₹ 599.00,₹ 215.00,0,0,0,0,0
https://www.amazon.in//N95-MS-6-10Pollution-Respirator-Pollution-Breathable-Protection/dp/B08FH77MH5?dchild=1,facemasks,B08FH77MH5,Paidu® N95-MS-6-10Pollution mask washable reusable N95 mask washable Respirator Pollution Breathable KN95 mask Face Mask for Men Women Kids 5 Layers Protection with melt Blown Fabric (Pack of 5unit)," ₹ 1,999.00",₹ 319.00,0,0,0,0,0
https://www.amazon.in//BLAZZE-Anti-Dust-Pollution-Reusable-Washable/dp/B088TF2ZHJ?dchild=1,facemasks,B088TF2ZHJ,THE BLAZZE 2002 Women Anti-Dust Anti Pollution Reusable Washable Wind and Dust Proof Safety Dual Filter Face Mouth Mask (Black), ₹ 399.00,₹ 199.00,29,21,0,37,13
https://www.amazon.in//Women-Rider-Protect-Pollution-White/dp/B07RD88537?dchild=1,facemasks,B07RD88537,Men and Women face mask for Bike Rider Protect from Pollution on Road White, ₹ 499.00,₹ 124.00,0,0,0,0,0
https://www.amazon.in/Amazon-Brand-Symbol-cotton-SMK-03-PO3-J_Multicoloured_One/dp/B08BS2TR5Z,facemasks,B08BS2TR5Z,Amazon Brand - Symbol Men's cotton Cloth Face Mask (Pack of 5) (SMK-03-PO3-J_Multicoloured_One Size), ₹ 399.00,₹ 329.00,0,0,18,18,64
https://www.amazon.in//GeekTitan-Anti-Pollution-Disposable-Surgical-Medical/dp/B086KZPHR4?dchild=1,facemasks,B086KZPHR4,GeekTitan 3 PLY Anti-Pollution Disposable Surgical Medical Earloop Face Mouth Masks (50pc), ₹ 800.00,₹ 299.00,0,0,0,0,0
https://www.amazon.in//Acceptives-Bandana-Motorcycle-Protection-Colours/dp/B07MP7D5WK?dchild=1,facemasks,B07MP7D5WK,"Acceptive's Bandana Bikers Motorcycle Riding Neck Face Mask Protection Tube Head Bands (Pack of 5,Random Colours)", ₹ 499.00,₹ 276.00,14,8,18,25,35
https://www.amazon.in//ProCare-Protect-Face-Charge-Certified/dp/B08CSVHFHL?dchild=1,facemasks,B08CSVHFHL,"ProCare Protect N95 Face Mask (by Charge Zero) CE Certified ISO 9001:2015 Certified, Special Anti-Bacterial Mask (Washable, Unisex) (Pack of 5) (Multicolour N95 Face Mask with Respiratory Valve)", ₹ 599.00,₹ 192.00,20,5,6,21,48
https://www.amazon.in//Shocknshop-Multicolor-Printed-Reusable-Washable/dp/B08D6T2KVK?dchild=1,facemasks,B08D6T2KVK,Shocknshop Cotton Multicolor Printed Reusable And Washable Face Mask - Pack of 3, ₹ 899.00,₹ 299.00,21,21,0,22,36
https://www.amazon.in//YAPZONE-Psyduck-pokemon-professional-printed/dp/B08CPG4DLL?dchild=1,facemasks,B08CPG4DLL,YAPZONE Psyduck pokemon professional look like a doctor printed face mask for kids, ₹ 299.00,₹ 139.00,0,0,0,0,0
https://www.amazon.in//DR-Respirator-Reusable-Droplets-Pollution/dp/B08DD88FCQ?dchild=1,facemasks,B08DD88FCQ,"DR VAKU® KN95 Filter Respirator Face Mask, Reusable to Protect Mouth Droplets, Dust and Pollution (Pack of 1)", ₹ 499.00,₹ 40.00,33,0,0,20,47
https://www.amazon.in/SNDIA-Mask-Multifunctional-Festivals-Outdoors/dp/B07C1YM87P,facemasks,B07C1YM87P,SNDIA Unisex Bandana Face Mask Protection for Bikers (4-PACK), ₹ 399.00,₹ 249.00,27,12,14,20,27
https://www.amazon.in//COTTON-FIELD-Face-Mask-12/dp/B08C5BJKGT?dchild=1,facemasks,B08C5BJKGT,"COTTON FIELD UV Face Mask - Neck Gaiter for Dust & Sun Protection - Face Cover/Scarf forOutdoor/indoor, Travelling - UPF 30 Breathable Summer 12-in-1 Headwear (Pack Of 2) (Black)", ₹ 599.00,₹ 330.00,0,0,0,0,0
https://www.amazon.in//Plum-Green-Clear-Face-Mask/dp/B00OCJ5SW0?dchild=1,facemasks,B00OCJ5SW0,"Plum Green Tea Clear Face Mask (60gm), For Oily & Acne Prone Skin, Vegan Skin Care", ₹ 490.00,₹ 367.00,8,5,13,24,49
https://www.amazon.in//dp/B08FTFBH8Y?dchild=1,facemasks,B08FTFBH8Y,RSM 5 Layers Antibacterial KN95 Safety Mask With Air Filter-Reusable (Pack of 4), ₹ 349.00,₹ 170.00,0,0,0,0,0
https://www.amazon.in//Bella-Vita-Organic-Animal-Natural/dp/B07TGDTXPW?dchild=1,facemasks,B07TGDTXPW,"Bella Vita Organic Mini Vegan Face Pack Brush For Face Mask For Women & Men, 2 Pack, No Animal Hair With Natural Wooden Handle", ₹ 499.00,₹ 199.00,8,5,9,25,54
https://www.amazon.in//BROCCOLIN-Anti-Pollution-Cotton-designing-Girls/dp/B089RMLW9T?dchild=1,facemasks,B089RMLW9T,BROCCOLIN New Anti-Pollution Dust Cotton designing hand work Face Mask For Girls (Set Of 4), ₹ 599.00,₹ 399.00,0,14,22,14,50
https://www.amazon.in//Select-Reusable-Washable-Outdoor-4-Layered/dp/B08CK9NTGL?dchild=1,facemasks,B08CK9NTGL,one8 Select Shield Reusable & Washable Outdoor 4-Layered 3D Mesh Face Mask – Pack of 3 (Assorted)/ Made in India/Standard Size/CE Certified, ₹ 499.00,₹ 399.00,51,0,0,0,49
https://www.amazon.in//DR-Anti-Dust-Breathable-Protective-Protection/dp/B08DFY3SQW?dchild=1,facemasks,B08DFY3SQW,DR VAKU® N95 Face Mask Anti-Dust Breathable Protective Mask with 5- Layer Filter for Adults Men Women 5 Layer Protection Face Mask (Pack of 1), ₹ 499.00,₹ 37.00,0,0,27,27,45
https://www.amazon.in//Cute-Critters-Motorcycle-Protection-Breathable/dp/B0895LBWCF?dchild=1,facemasks,B0895LBWCF,"Cute Critters Skull Face Mask Bandana, Motorcycle Face Mask for Men Women, Skeleton Half Face Mask Sun UV Dust Wind Protection Breathable Rave Face Scarf Neck Gaiter for Biker Riding (Set of 2)", ₹ 609.00,₹ 279.00,0,0,0,0,0
https://www.amazon.in//Gadgets-Appliances-Filter-Random-shipped/dp/B088FW9KTF?dchild=1,facemasks,B088FW9KTF,Gadgets Appliances Filter Face Mask Random Color will be shipped Pack Of 2, ₹ 499.00,₹ 211.00,64,0,18,18,0
https://www.amazon.in//India-Store-Mart-Reusable-Mask-Pack/dp/B08D8MK1NT?dchild=1,facemasks,B08D8MK1NT,India Store Mart Unisex Reusable 2 layer Black Outdoor Face Mask-Pack of 3, ₹ 199.00,₹ 99.00,0,0,0,0,0
https://www.amazon.in/Gadgets-Appliances-Safety-Disposable-White/dp/B087ZZVQM6,facemasks,B087ZZVQM6,"Gadgets Appliances Safety Mask KN95 Disposable Mask, Anti Dust Face Mask White (Pack of 3)", ₹ 499.00,₹ 199.00,0,0,0,0,0
https://www.amazon.in//MFASCO-Biohazard-PPE-Kit-Disposable/dp/B01F5XBP6Y?dchild=1,ppe,B01F5XBP6Y,MFASCO Biohazard PPE Kit Disposable, ₹ 780.00,₹ 253.00,19,13,20,18,30
https://www.amazon.in//NJ-Washable-water-repellent-Disposable-Suitable/dp/B088DZ3N4N?dchild=1,ppe,B088DZ3N4N,"NJ Washable PPE Kit, 100% water-repellent PPE Kit, Face shield 12x9 Inches, Washable mask, Disposable gloves,Goggle, Suitable for daily use (BLUE): 6 Items"," ₹ 2,000.00",₹ 296.00,0,0,0,0,0
https://www.amazon.in//DALUCI-Safety-Protection-Polyester-Material/dp/B08B5VHS2X?dchild=1,ppe,B08B5VHS2X,DALUCI PPE Safety Kit for Body Protection Cotton Polyester Blend Material - 90 GSM, ₹ 999.00,₹ 449.00,0,0,0,0,0
https://www.amazon.in//VOUCH-Medical-Disposable-Hooded-Coverall/dp/B088667XGF?dchild=1,ppe,B088667XGF,"VOUCH Blue Medical PPE KIT with Disposable Hooded Full Body Coverall, Latex Gloves, Shoe Cover, Face Mask, Face Shield", ₹ 789.00,₹ 364.00,0,0,0,0,0
https://www.amazon.in//included-Washable-Medical-Classic-Products/dp/B088PW3BC3?dchild=1,ppe,B088PW3BC3,Full Body PPE suit with shoes cover upto knees and 3 ply mask with nose pin included (Washable) (Medical Blue color) / Classic Eco Products," ₹ 2,000.00",₹ 130.00,0,0,0,0,0
https://www.amazon.in//Tychem-OVTYCHC-Chemical-Suit-PACK/dp/B07B8G6QHT?dchild=1,ppe,B07B8G6QHT,"Tychem Chemical Suit (Yellow, Standard Size)"," ₹ 1,800.00","₹ 1,399.00",0,0,0,0,0
https://www.amazon.in//AONE-Protection-Non-Suffocating-Comfortable-Polyproplyene/dp/B08D94GTTT?dchild=1,ppe,B08D94GTTT,AONE RANK PPE Safety Kit for Full Body Protection- Non-Suffocating+Comfortable For Travelling- 95 GSM- Polyproplyene material White (1 Pc), ₹ 999.00,₹ 289.00,0,0,0,0,0
https://www.amazon.in/VOUCH-Certified-Laminated-Coverall-Complete/dp/B08CL18T19,ppe,B08CL18T19,"VOUCH & CE Certified Laminated Seam Taping PPE KIT with Full Body Coverall, Latex Gloves, Shoe Cover, Face Mask, Face Shield, Complete PPE Safety KIT, Washable & Reusable (Single) Grey", ₹ 899.00,₹ 499.00,0,0,0,0,0
https://www.amazon.in/NIASHI-PPE-kit-Personal-Protection/dp/B08C7SQPRN,ppe,B08C7SQPRN,NIASHI PPE kit Personal Protection, ₹ 699.00,₹ 399.00,0,0,0,0,0
https://www.amazon.in//Drumstone-Personal-Protective-Equipment-kit/dp/B088P7MHKN?dchild=1,ppe,B088P7MHKN,Drumstone Personal Protective Equipment kit/PPE kit/Set of 1," ₹ 1,499.00",₹ 549.00,0,0,0,0,0
https://www.amazon.in/NORTH-BLACK-protection-Comfortable-Disposable/dp/B08BJXK6QQ,ppe,B08BJXK6QQ,"NORTH BLACK SITRA Certified Medical PPE Kit | Full Body Coverall, Hood Cap, Gloves, Shoe Cover, Face Mask & Shield | Extra protection Taping | Comfortable & Disposable | Airport Use | 90 gsm Free Size", ₹ 699.00,₹ 599.00,0,0,0,0,0
https://www.amazon.in/Protection-Non-Suffocating-Comfortable-Travelling-Polyproplyene/dp/B08CXPWCDV,ppe,B08CXPWCDV,ARMOUR PPE Safety Kit for Full Body Protection- Non-Suffocating+Comfortable For Travelling- 90 GSM- Polyproplyene material White (1 Pc) (Laminated)," ₹ 1,000.00",₹ 499.00,0,0,0,0,0
https://www.amazon.in//Go-Klean-Protection-Travelling-whiteblue/dp/B08FCC54TG?dchild=1,ppe,B08FCC54TG,"Go Klean Full Body Protection PPE Kit for Kids and Minors/Small PPE kit suitable for Travelling, Hospital, School Safety Jacket (whiteblue) (9yr-12yr (L:52.5, C:52inch))", ₹ 424.00,₹ 324.00,0,0,0,0,0
https://www.amazon.in/Dyno-Personal-Protective-Equipment-kit/dp/B089B7G6TZ,ppe,B089B7G6TZ,Dyno Personal Protective Equipment kit/PPE kit/Set of 5," ₹ 3,999.00","₹ 2,479.00",0,0,0,0,0
https://www.amazon.in//Ideal-Clean-Hands-Hygiene-Purpose/dp/B08B4HZSLM?dchild=1,ppe,B08B4HZSLM,Ideal Clean Hands Safe Key PPE Hands Free Hygiene Hand No Touch Multi Purpose Every Day Carry Tool (Pack Of 1), ₹ 399.00,₹ 210.00,0,0,0,0,0
https://www.amazon.in/Reusable-Washable-Approved-Including-Hospital/dp/B08BG91TBJ,ppekits,B08BG91TBJ,PPE Kit Reusable and Washable DRDO SITRA Approved for Men and Women Including Hood Foot Covers 3 Ply Mask Safety Face Shield Suited for Travel Hospital Work Airport Staff, ₹ 999.00,₹ 799.00,0,0,0,0,0
https://www.amazon.in/NJ-Washable-Reusable-Coverall-travelling/dp/B08BG1J778,ppekits,B08BG1J778,"NJ Washable Reusable PPE Safety Coverall with Shoe covers for KIDS 4-8 Year (GREEN), PPE Coverall for Kids, PPE Kit, best for travelling by Car, Train and Flight, FREE Black Face Mask: 1 Pc"," ₹ 2,999.00","₹ 1,599.00",0,0,0,0,0
https://www.amazon.in//Medsor-Impex-Disposable-Patient-Gown/dp/B07YYCMJVJ?dchild=1,ppekits,B07YYCMJVJ,Medsor Impex Disposable Patient Gown, ₹ 195.00,₹ 135.00,0,0,0,0,0
https://www.amazon.in/Lifebuoy-Total-10-Handwash-Refill/dp/B07FPLHTRY,handwash,B07FPLHTRY,"Lifebuoy Total 10 Active Silver Formula-Germ Protection Handwash Refill, 1.5 L", ₹ 199.00,₹ 189.00,0,0,0,0,0
https://www.amazon.in//Marcloire-Reusable-5-Layered-Protection-Multi-Color/dp/B088RNK95K?dchild=1,facemasks,B088RNK95K,Marcloire Reusable & Washable 5-Layered Outdoor Protection Face Mask with Improved Ear Loops for Men/Women (Multi-Color),None,₹ 299.00,0,0,0,0,0
https://www.amazon.in//GIORDANO-Cotton-Pollution-Reusable-Outdoor/dp/B089FFMMMZ?dchild=1,facemasks,B089FFMMMZ,"GIORDANO Cotton Anti Pollution 6 Layer Reusable Outdoor Face Mask (Black, Blue, Maroon and Grey) - Pack of 4",None,₹ 599.00,0,0,0,0,0
https://www.amazon.in//Generic-Headwear-Headband-Resistence-Multicolour/dp/B07GJR4DLP?dchild=1,facemasks,B07GJR4DLP,Generic Unisex Headwear Headband Head Wrap UV Resistence Sports Bandana Magic Scarf Face Mask (Assorted Color and Design) Pack of 10, ₹ 999.00,₹ 250.00,0,0,0,0,0
https://www.amazon.in//OCEAN-RACE-Pollution-Reusable-Mask-Olive/dp/B08CT33FMG?dchild=1,facemasks,B08CT33FMG,"OCEAN RACE Cotton Anti Pollution 3 Layer Reusable Face Mask-Olive,Black,Grey,Red,Navy,Yellow, Pack of (6)", ₹ 799.00,None,0,0,0,0,0
https://www.amazon.in//Big-Tree-C05A3006BK2XXCT-Cotton-Black/dp/B0761W2NNP?dchild=1,facemasks,B0761W2NNP,Big Tree® Pro Bike Riding & Cycling Anti Pollution Dust Sun Protecion Half Face Cover Mask (Black)(Pack of 2), ₹ 399.00,₹ 99.00,27,9,16,21,27
https://www.amazon.in//Big-Tree-C05A3006BK1XXCT-Cotton-Black/dp/B0761VMDYX?dchild=1,facemasks,B0761VMDYX,Big Tree® Pro Bike Riding & Cycling Anti Pollution Dust Sun Protecion Half Face Cover Mask (Black), ₹ 999.00,₹ 214.00,0,0,0,0,0
https://www.amazon.in//YAPZONE-barcelona-printe-soccer-lover/dp/B08CPHXTD8?dchild=1,facemasks,B08CPHXTD8,YAPZONE FCB barcelona logo printe face mask for soccer lover, ₹ 299.00,₹ 139.00,0,0,0,0,0
https://www.amazon.in//MAULIONTM-Reusable-Anti-Pollution-Protection-Purifying/dp/B08911V1FY?dchild=1,facemasks,B08911V1FY,"MAULION™ N95 (Pack of 5 Pieces) Reusable Mask Reusable Mouth Nose Face Mask, Anti-Pollution Driving Protection, Air Purifying Free Size (Pack of 5)", ₹ 999.00,₹ 399.00,0,0,0,0,0
https://www.amazon.in//Gajraj-Cotton-Balaclava-Pollution-Classic/dp/B07YSKGWX9?dchild=1,facemasks,B07YSKGWX9,"Gajraj Unisex Cotton Balaclava Anti Pollution Face Mask, Helmet Liner (Classic Grey)", ₹ 499.00,₹ 249.00,0,0,0,0,0
https://www.amazon.in//OROMASK-Cotton-Washable-Half-Face/dp/B07B3WPSJV?dchild=1,facemasks,B07B3WPSJV,OROMASK | Cotton | Washable | 4 Layer | ISO & CE Certified | Half Face Mask - Pack of 3, ₹ 300.00,None,0,0,0,0,0
https://www.amazon.in//Non-Woven-Disposable-Medical-Without-Nose-Pin/dp/B08FLJHJMK?dchild=1,facemasks,B08FLJHJMK,RSM 3 Layer Non-Woven Disposable Medical Face Mask Without Nose-Pin (Pack of 100), ₹ 499.00,₹ 349.00,0,0,0,0,0
https://www.amazon.in//BISMAADH-Polyester-Bandana-Motorcycle-Protection/dp/B07QR96H25?dchild=1,facemasks,B07QR96H25,BISMAADH Men's Polyester Bandana Bikers Motorcycle Riding Neck Face Mask Protection Tube Head (Black), ₹ 299.00,₹ 149.00,0,0,0,0,0
https://www.amazon.in//Garnier-Naturals-Light-Complete-Serum/dp/B07GD1NWRL?dchild=1,facemasks,B07GD1NWRL,"Garnier Skin Naturals, Light Complete, Face Serum Sheet Mask (Yellow), 30g",None,₹ 99.00,0,0,0,0,0
https://www.amazon.in//UrbanGabru-Charcoal-Peel-Off-Mask/dp/B0777K7BLR?dchild=1,facemasks,B0777K7BLR,UrbanGabru CharCoal Peel Off Mask | Deep skin cleansing Mask 60gm, ₹ 350.00,₹ 210.00,0,0,0,0,0
https://www.amazon.in//TRYITON-Headwear-Headband-Resistence-Multicolour/dp/B07QGK14LB?dchild=1,facemasks,B07QGK14LB,"M/S TRYITON Unisex Headwear Headband Head Wrap UV Resistence Sports Bandana Magic Scarf Face Mask (Free Size,Multicolour) Pack of 5", ₹ 399.00,₹ 195.00,0,0,0,0,0
https://www.amazon.in//Marcloire-Certified-5-Layered-Protection-Women-Steel/dp/B08BJ7TTHS?dchild=1,facemasks,B08BJ7TTHS,Marcloire - Made in India Standard Size ISO CE Certified Reusable & Washable 5-Layered Outdoor Protection Face Mask with Head Loops/Straps for Men/Women-Steel Blue (Pack of 3), ₹ 499.00,₹ 299.00,0,0,0,0,0
https://www.amazon.in//Marcloire-certified-6-Layered-Protection-Multi-Color/dp/B08CDKF2YW?dchild=1,facemasks,B08CDKF2YW,Marcloire Standard Size Adult ISO CE certified Reusable/Washable 6-Layered Outdoor Protection Face Mask with Improved Ear Loops for Men/Women(Pack of 3) (Multi-Color), ₹ 599.00,₹ 349.00,0,0,0,0,0
https://www.amazon.in//Godrej-Protekt-Reusable-Shield-Technology/dp/B089KPC2DS?dchild=1,facemasks,B089KPC2DS,Godrej Protekt P-W95 Reusable Face Mask | for Men & Women | 6 Layer Germ Shield Technology | Design: Navy | Size: LARGE, ₹ 240.00,₹ 220.00,45,8,13,12,22
https://www.amazon.in//Shocknshop-Multicolor-Printed-Reusable-Washable/dp/B08D6R22ZR?dchild=1,facemasks,B08D6R22ZR,Shocknshop Cotton Multicolor Printed Reusable And Washable Face Mask - Pack of 3, ₹ 899.00,₹ 299.00,14,0,0,14,71
https://www.amazon.in//Steelbird-SBA-2-Face-Shield-Protector/dp/B089RHMV19?dchild=1,facemasks,B089RHMV19,"Steelbird SBA-2 7Wings Unisex Helmet Visor Face Shield, Flip-Up Full Face Protector,Face Mask For Each and Everyone (Pack-2)", ₹ 998.00,None,14,6,9,25,45
https://www.amazon.in//H-Store-Unisex-Lycra-hstoreblueredmask-Black/dp/B07C9XMYLZ?dchild=1,facemasks,B07C9XMYLZ,"H-Store Unisex Lycra Face Mask (hstoreblueredmask, Black)", ₹ 399.00,₹ 199.00,10,6,15,27,43
https://www.amazon.in//Forte-Anti-Dust-Disposable-Protective-Loop-100/dp/B0898KTVQQ?dchild=1,facemasks,B0898KTVQQ,La' Forte Fabric Blue Anti-Dust Disposable 3-Layer Protective Face Mask with Elastic Ear Loop-100 Pieces, ₹ 999.00,₹ 440.00,29,8,15,19,30
https://www.amazon.in//Face-Shop-Unisex-Glowing-Masksheet/dp/B07HMYKKTL?dchild=1,facemasks,B07HMYKKTL,"The Face Shop Unisex Glowing Masksheet Combo, 100 g (Pack of 5)", ₹ 500.00,₹ 425.00,5,4,11,22,58
https://www.amazon.in//YAPZONE-Manchester-United-coloured-printed/dp/B08CPK8PYX?dchild=1,facemasks,B08CPK8PYX,YAPZONE Manchester United red coloured printed face mask for fifa lover, ₹ 299.00,₹ 139.00,50,0,0,50,0
https://www.amazon.in//Blacksmith-Mobile-Holder-Cycling-Running/dp/B08FBFQLRT?dchild=1,facemasks,B08FBFQLRT,"Blacksmith Face Mask Pro with Mobile Holder for Bike, Ski, Cycling, Running, Hiking - Protects from Wind, Sun, Dust - 4 Way Stretch - #1 Rated Face Protection Mask Balaclava (Mint)", ₹ 799.00,₹ 299.00,0,0,0,0,0
https://www.amazon.in//Mask-3ply-Disposable-BacterialFiltration-Filtration-Certified/dp/B088ZTDM5R?dchild=1,facemasks,B088ZTDM5R,"UREVO Mask-3ply Disposable Face Masks Pack, Surgical mask 3 layer,BacterialFiltration Effiency(BFE) 95%,Particle Filtration Effiency(PEE) 93.6%, CE & ISO & SITRA Certified (Blue, Pack of50,Sealed box packing)", ₹ 800.00,₹ 599.00,12,3,8,24,52
https://www.amazon.in//AM-Safe-Disposable-Surgical-Face/dp/B07NNRY673?dchild=1,facemasks,B07NNRY673,AM Safe x Disposable 3 Ply Surgical Face Mask (Blue) -100 Pieces, ₹ 999.00,₹ 139.00,56,8,8,10,17
https://www.amazon.in//My-Fav-Fabric-Cartoon-Combo/dp/B089X84XKQ?dchild=1,facemasks,B089X84XKQ,My Fav Fabric Cartoon Print Face Mask for Kids (5-10 Years) -Combo of 5 Pieces, ₹ 500.00,₹ 281.00,21,25,16,7,30
https://www.amazon.in//Urban-Respirator-Anti-Dust-Breathable-protection/dp/B08BYJQ6SN?dchild=1,facemasks,B08BYJQ6SN,Urban King® KN-95 Face Mask Respirator Anti-Dust Breathable Mask with Filter for Adults men Women 5 layer protection Face Mask(Random color), ₹ 199.00,₹ 35.00,35,11,9,25,20
https://www.amazon.in//Mamaearth-Fairness-Tanning-Glowing-Turmeric/dp/B07QSQCF9R?dchild=1,facemasks,B07QSQCF9R,"Mamaearth Ubtan Face Pack Mask for Fairness, Tanning & Glowing Skin with Saffron, Turmeric & Apricot Oil, 100 ml",None,None,9,5,10,25,51
https://www.amazon.in//Cotson-Layers-Antibacterial-Mask-Filter/dp/B08965MYHC?dchild=1,facemasks,B08965MYHC,Cotson 5 Layers Antibacterial KN95 Safety Mask With Air Filter-(Pack of 3), ₹ 699.00,₹ 123.00,34,12,15,15,24
https://www.amazon.in//AMMINO-Pollution-Dustproof-Reusable-Washable/dp/B08FH25FFJ?dchild=1,facemasks,B08FH25FFJ,AMMINO India Anti Pollution Dustproof/Block Print Reusable Washable 2 Ply Cotton Face Mask for Men and Women -Pack of 5, ₹ 329.00,₹ 239.00,0,0,0,0,0
https://www.amazon.in//BUYBACK%C2%AE-Bandana-Bikers-Motorcycle-Protection/dp/B07RKFYNMR?dchild=1,facemasks,B07RKFYNMR,BUYBACK® 6 pc Bandana Bikers Motorcycle Riding Neck Face Mask Protection Tube Head Bands, ₹ 499.00,None,35,8,17,17,24
https://www.amazon.in//Difiden-Filtration-Capacity-Particulate-Pollution-pack/dp/B08CY1J4M7?dchild=1,facemasks,B08CY1J4M7,"Difiden KN95 High Filtration Capacity 4 Layer Face Mask, Anti Pollution pack of 5", ₹ 999.00,₹ 249.00,100,0,0,0,0
https://www.amazon.in//Suraj-Metals-Cycling-Pollution-Protecion/dp/B078SP7SGT?dchild=1,facemasks,B078SP7SGT,Vocado Bike Riding and Cycling Anti Pollution Dust Sun Protecion Half Ninja Face Cover Mask (Black), ₹ 199.00,₹ 44.00,35,9,13,15,28
https://www.amazon.in//DIVERSE-Mens-cotton-Cloth-DCURM01FP03L34-52_Multicolor_Free/dp/B08BGNXF69?dchild=1,facemasks,B08BGNXF69,DIVERSE Men's cotton Cloth Face Mask (Pack of 3) (DCURM01FP03L34-52_Multicolor_Free Size), ₹ 297.00,₹ 219.00,4,18,0,32,46
https://www.amazon.in//Romsons-Flexi-SH-2020S-Oxygen-Channel/dp/B01MF53CT3?dchild=1,facemasks,B01MF53CT3,"Romsons Flexi Mask SH-2020S Oxygen Face mask with 2 m Long Star Multi Channel Tube, Size - Adult by Romsons", ₹ 250.00,₹ 155.50,7,0,21,29,43
https://www.amazon.in//Genie-CARE-Womens-6-Layer-Reusable/dp/B089TLVR68?dchild=1,facemasks,B089TLVR68,Genie CARE PRO Women's 6-Layer Reusable Face mask (Pack of 3), ₹ 500.00,₹ 372.00,8,0,23,43,27
https://www.amazon.in//Surgical-Disposable-Face-Mask-Blue/dp/B075F3X5N1?dchild=1,facemasks,B075F3X5N1,"FASTEN Surgical Disposable Face Mask, Blue, Standard Size -100 Pieces", ₹ 449.00,₹ 183.00,44,7,18,9,22
https://www.amazon.in//HACER-HC0001-Disposable-Protection-Non-woven/dp/B088R178KK?dchild=1,facemasks,B088R178KK,HACER HC0001 3 Ply Non Surgical Disposable Face Mask 25 GSM Unisex Nose Mouth Protection Cover with Non-woven Fabric for Women & Men (25 Pcs),None,₹ 85.00,25,9,15,21,30
https://www.amazon.in//Biroller-ORAWM01-Washable-Reusable-Breathable/dp/B08F3RXD2H?dchild=1,facemasks,B08F3RXD2H,"Biroller Combo of 1 Piece Goggle O2 ORAWM01 Washable Face Mask Airmesh Reusable Nose Mouth Breathable Cover for Home, Office & Riding (1 PC)",None,₹ 219.00,0,0,0,0,0
https://www.amazon.in//Evaluemart%C2%AE-Bandana-Bikers-Motorcycle-Protection/dp/B085TMS3R5?dchild=1,facemasks,B085TMS3R5,Evaluemart® 6 pc Bandana Bikers Motorcycle Riding Neck Face Mask Protection Tube Head Bands (Color May Vary), ₹ 399.00,₹ 299.00,0,0,0,0,0
https://www.amazon.in//FabSeasons-Camouflage-Polyester-Functional-Face/dp/B07KG1Q7WM?dchild=1,facemasks,B07KG1Q7WM,"FabSeasons Camouflage Polyester Multi Functional Pollution & Face Mask, Balaclava, Neck Warmer Ninja Mask, Cap and Bandana, Ideal for all Seasons(Get a Bandana Free with every Purchase, Refer Pictures)",None,None,0,0,0,0,0
https://www.amazon.in//CARE-VIEW-FFP2-Protective-Strap/dp/B08951PPT1?dchild=1,facemasks,B08951PPT1,CARE VIEW N95 FFP2 Protective Face Mask with Head Band Strap- (Pack of 3), ₹ 597.00,₹ 327.00,0,0,0,0,0
https://www.amazon.in//Im-Unique-Proof-Cycle-Balaclava/dp/B08BPC1Z28?dchild=1,facemasks,B08BPC1Z28,I'm Unique Full Face Dust Proof Mask For Bike|Cycle Balaclava Men - melangegreyblackgrey, ₹ 499.00,₹ 199.00,0,0,0,0,0
https://www.amazon.in//Khadi-Essentials-Reusable-Activated-Protection/dp/B088V1B7YT?dchild=1,facemasks,B088V1B7YT,"Khadi Essentials Pure&Safe 5 Layered Reusable Washable N95 Face Mask with Activated Carbon Layer and Melt Blown Fabric For PM 2.5, Protection from Harmful Germs, Bacteria and Virus (Pack of 2)", ₹ 599.00,₹ 479.00,0,0,0,0,0
https://www.amazon.in//Vega-Balaclava-Head-Protection-M/dp/B07R6NGLRY?dchild=1,facemasks,B07R6NGLRY,Vega Balaclava Head/Face Protection Mask,None,₹ 198.00,0,0,0,0,0
https://www.amazon.in//Lionsmill-Anti-Pollution-polyester-Multicolor-cartoon/dp/B089D5Z7SB?dchild=1,facemasks,B089D5Z7SB,"Lionsmill New Anti-Pollution Dust polyester face Mask For kids Boys Girls Unisex (Set Of 4) Multicolor cartoon masks (mix color 2, kids size)", ₹ 498.00,₹ 235.00,0,0,0,0,0
https://www.amazon.in//dp/B08FY68B9B?dchild=1,facemasks,B08FY68B9B,RSM Printed Cotton Face Mask 3 Layers Washable and Reusable Fabric Mask with Melt Blown Filter - Pack of 5, ₹ 399.00,₹ 279.00,0,0,0,0,0
https://www.amazon.in//Godrej-Protekt-%E0%A4%87%E0%A4%B8%E0%A5%8D%E0%A4%A4%E0%A5%87%E0%A4%AE%E0%A4%BE%E0%A4%B2-%E0%A4%AA%E0%A5%81%E0%A4%B0%E0%A5%81%E0%A4%B7%E0%A5%8B%E0%A4%82-%E0%A4%AE%E0%A4%B9%E0%A4%BF%E0%A4%B2%E0%A4%BE%E0%A4%93%E0%A4%82/dp/B089KPNQSP?dchild=1,facemasks,B089KPNQSP,Godrej Protekt P-W95 Reusable Face Mask | for Men & Women | 6 Layer Germ Shield Technology | Design: White Aqua | Size: LARGE, ₹ 240.00,₹ 220.00,0,0,0,0,0
https://www.amazon.in//Reusable-Washable-Certified-Droplets-Pollution/dp/B08C67MQG5?dchild=1,facemasks,B08C67MQG5,"Swadesi Stuff N95 Filter Multi Color Face Mask, Reusable, Washable CE & ISO Certified to Protect Mouth Droplets, Dust and Pollution, Pack of 5 Mask"," ₹ 1,499.00",₹ 449.00,0,0,0,0,0
https://www.amazon.in//Rorec-Korean-Paper-Sheet-Brightening/dp/B07XJ3G33V?dchild=1,facemasks,B07XJ3G33V,Rorec Korean Paper Face Sheet Mask Combo for Face Brightening, ₹ 800.00,None,0,0,0,0,0
https://www.amazon.in//Buildskill-B02FS01-Multipurpose-Polycarbonate-Transparent/dp/B087QVP2Q5?dchild=1,facemasks,B087QVP2Q5,"Buildskill B02FS01 Multipurpose Reusable Polycarbonate Safety Face Shield, Transparent Face Mask, Protective Splash Face Mask, Clear Visor Windproof Dustproof with Elastic Band (Pack of 2)",None,₹ 199.00,0,0,0,0,0
https://www.amazon.in//Winter-Motorcycle-Headwear-Balaclava-Windproof/dp/B0837W94JP?dchild=1,facemasks,B0837W94JP,"Brats N Beauty -Winter Warm Unisex Biker Motorcycle Face Mask Neck Scarf Headwear,Balaclava Sport Motorcycle Windproof Face Mask Hat Neck Helmet Beanies For Men & Women Black, Blue, Grey", ₹ 750.00,None,0,0,0,0,0
https://www.amazon.in//Tri-Activ-Protective-Anti-Virus-Filtration-Efficiency/dp/B08DGKPR54?dchild=1,facemasks,B08DGKPR54,"Tri-Activ 6 Layer Protective Face Masks, PM2.5 / N95 Tested as per NIOSH standard, Anti-Virus Coating, 99.5% Filtration Efficiency, Reusable, (Black mask)",None,₹ 149.00,0,0,0,0,0
https://www.amazon.in//ALI-CREATION-A95-Anti-Pollution-Rider-Anti-Bacterial/dp/B0881V9RDQ?dchild=1,facemasks,B0881V9RDQ,ALI CREATION 100% Cotton A95 3D Reusable Washable 4-Layer Anti-Pollution -Bike Rider-Anti-Bacterial -Cotton Mask-Face Mask (without Valve) (Pack Of 1), ₹ 299.00,None,0,0,0,0,0
https://www.amazon.in//Enterprises-Universal-Protection-Reusable-Washable/dp/B08D794W3W?dchild=1,facemasks,B08D794W3W,V Enterprises Made in India Universal Size Face Masks for Outdoor Protection. Reusable and Washable, ₹ 600.00,None,0,0,0,0,0
https://www.amazon.in//Shailas-Couture-Reusable-INCLUDED-Adjusters/dp/B08D6YY3QN?dchild=1,facemasks,B08D6YY3QN,"Shaila's Couture Reusable Face Mask with Nose Clip, Filter Pocket (FILTER NOT INCLUDED) and Earloop Adjusters - Soft, Washable, UNISEX, Adult (PACK OF 3) (Black, Grey, Navy Blue)", ₹ 799.00,₹ 349.00,0,0,0,0,0
https://www.amazon.in//Steelbird-7Wings-Flip-Up-Protector-Everyone/dp/B089ZXQV81?dchild=1,facemasks,B089ZXQV81,"Steelbird SBA-6 7Wings Unisex Helmet Visor Face Shield, Flip-Up Full Face Protector For Each and Everyone (Pack 2)", ₹ 898.00,₹ 799.00,0,0,0,0,0
https://www.amazon.in//WOW-Activated-Charcoal-Face-Mask/dp/B07CYZRSXS?dchild=1,facemasks,B07CYZRSXS,WOW Activated Charcoal Face Mask - Peel Off - No Parabens & Mineral Oils (100mL), ₹ 399.00,₹ 345.00,0,0,0,0,0
https://www.amazon.in//Suave-Cotton-Breathable-Antibacterial-Mask/dp/B08CGT9JX4?dchild=1,facemasks,B08CGT9JX4,"Suave Cotton Pure Cotton Reusable Soft Breathable Antibacterial Washable Double Layer Fabric Face Mask for Unisex Teens for Extra Protection (Free Size, Black) - Pack of 5", ₹ 400.00,₹ 265.00,0,0,0,0,0
https://www.amazon.in//Cutie-Brat-Cotton-Pocket-Washable-Reusable/dp/B08DYY3ZHX?dchild=1,facemasks,B08DYY3ZHX,Cutie & Brat Men's Duck Cotton Cloth Face Mask with Filter Pocket-Washable and Reusable 3 Ply (Pack of 3), ₹ 999.00,₹ 375.00,0,0,0,0,0
https://www.amazon.in//Shocknshop-Cotton-Printed-Reusable-Washable/dp/B08DD79C2F?dchild=1,facemasks,B08DD79C2F,Shocknshop Cotton Black And Blue Slogan Printed Reusable And Washable Face Mask - Pack of 3, ₹ 899.00,₹ 299.00,0,0,0,0,0
https://www.amazon.in//Style-Shell-Double-Layered-Protective/dp/B08CVTL3JX?dchild=1,facemasks,B08CVTL3JX,Style Shell Double Layered Protective Bike Face Mask (Pack Of 10), ₹ 799.00,None,0,0,0,0,0
https://www.amazon.in//YAPZONE-Beautiful-Unicorn-reflection-printed/dp/B08CNQHPSM?dchild=1,facemasks,B08CNQHPSM,YAPZONE Beautiful Unicorn horse and his wings light reflection printed face mask, ₹ 299.00,₹ 139.00,0,0,0,0,0
https://www.amazon.in//ARiANA-TwoSafe-Adult-Face-Mask/dp/B089G7HLD6?dchild=1,facemasks,B089G7HLD6,ARiANA TwoSafe Adult Face Mask - Mixed Solid Colors, ₹ 400.00,₹ 380.00,0,0,0,0,0
https://www.amazon.in//Pack-Pollution-Filter-Smoke-Allergy/dp/B08FTGCVLH?dchild=1,facemasks,B08FTGCVLH,RSM Pack of 500 Pcs | 3 Ply Face Mask Anti Pollution Mask/Dust/Air Filter for Pollution Smoke Allergy Mask," ₹ 1,299.00",₹ 999.00,0,0,0,0,0
https://www.amazon.in//Van-Heusen-Womens-VWMSFRGB450929_-Assorted_/dp/B08DPCFJLG?dchild=1,facemasks,B08DPCFJLG,Van Heusen Women's cotton Face Mask (Pack of 4) (VWMSFRGB450929_ Assorted_ Free Size),None,₹ 499.00,0,0,0,0,0
https://www.amazon.in//Pollution-Protection-Reusable-Designer-Fashion/dp/B08DRFL7VK?dchild=1,facemasks,B08DRFL7VK,Sera Anti Pollution Dust Protection Cotton Pack of 2 Cotton Reusable Designer Fashion Face Mask, ₹ 399.00,₹ 319.00,0,0,0,0,0
https://www.amazon.in//SARTE-Motorbike-goggle-resistant-filter/dp/B08CSN3VKB?dchild=1,facemasks,B08CSN3VKB,SARTE Motorbike open face goggle mask with air resistant mouth filter (Black Clear Visor)," ₹ 1,399.00",₹ 645.00,0,0,0,0,0
https://www.amazon.in//Bike-Protection-Pollution-filter-balaclava/dp/B01NAMQC3X?dchild=1,facemasks,B01NAMQC3X,The Cotton Chef Bike Face Mask Dust Protection Anti Pollution Gear Face Air Filter Balaclava (Pack Of 3), ₹ 499.00,₹ 198.00,0,0,0,0,0
https://www.amazon.in//Nohunt-Neoprene-Riding-Protection-Black/dp/B082R41SC4?dchild=1,facemasks,B082R41SC4,Nohunt Neoprene Bike Riding Face Mask Dust Protection Mask (Black), ₹ 398.00,₹ 149.00,0,0,0,0,0
https://www.amazon.in//Maple-Multicolor-Pollution-Reusable-Washable/dp/B08DD3YSG2?dchild=1,facemasks,B08DD3YSG2,Maple Cotton Multicolor Printed Anti Pollution Men Women Unisex Reusable And Washable Face Mask - Set of 3 (Pack of 6), ₹ 999.00,₹ 399.00,0,0,0,0,0
https://www.amazon.in//Eranqo%C2%AE-Slimming-double-Facial-cheeks/dp/B081Y1MVWF?dchild=1,facemasks,B081Y1MVWF,Eranqo® Face Slimming Mask/double Chin Reducer For Men And Women V Line Facial Lift Slim Cheeks Belt Strap Mask, ₹ 999.00,₹ 499.00,0,0,0,0,0
https://www.amazon.in//COTTON-FIELD-Face-Mask-12/dp/B08FRLS2WT?dchild=1,facemasks,B08FRLS2WT,"COTTON FIELD UV Face Mask - Neck Gaiter for Dust & Sun Protection - Face Cover/Scarf forOutdoor/indoor, Travelling - UPF 30 Breathable Summer 12-in-1 Headwear (Pack Of 2) (Blue + Pink)", ₹ 599.00,₹ 230.00,0,0,0,0,0
https://www.amazon.in//AMMINO-Pollution-Dustproof-Reusable-Washable/dp/B08F3HKW91?dchild=1,facemasks,B08F3HKW91,AMMINO India Anti Pollution Dustproof/Block Print Reusable Washable 2 Ply Cotton Face Mask for Men and Women -Pack of 5, ₹ 459.00,₹ 239.00,0,0,0,0,0
https://www.amazon.in//Layer-Face-Protection-Masks-Certified/dp/B08FXPF13F?dchild=1,facemasks,B08FXPF13F,RSM 3 Layer non-woven disposable medical Face Protection Masks (Pack of 25), ₹ 399.00,₹ 185.00,0,0,0,0,0
https://www.amazon.in//My-Fav-Cartoon-Print-Years/dp/B089YLJB34?dchild=1,facemasks,B089YLJB34,My Fav Cartoon Print Kids Face Mask for 5 Years To 10 Years Combo of 5 pcs, ₹ 500.00,₹ 199.00,0,0,0,0,0
https://www.amazon.in//ASGARD-Certified-Fabric-Protective-PACKAGING/dp/B08B1W5QN5?dchild=1,facemasks,B08B1W5QN5,"ASGARD® 3 Layer Protective Face Mask with NOSE CLIP, Certified by CE, ISO & GMP with Bacterial Filtration Efficiency(BFE)≥98.5%, Particle Filtration Efficiency(PEE)≥94% (Blue, BOX SEALED PACKAGING)",None,₹ 349.00 - ₹ 499.00,0,0,0,0,0
https://www.amazon.in//Personal-Protective-Equipment-Shield-Gloves/dp/B089CNJKHD?dchild=1,facemasks,B089CNJKHD,"Personal Protective Equipment (PPE) Kit with Long Body Suit, 1 Face Shield Cover, 1 Pairs Hand Gloves Cover, 1 Piece 3 Ply Face Masks and 1 Piece Disp Blue"," ₹ 1,299.00",₹ 175.00,0,0,0,0,0
https://www.amazon.in//Beauty-Breathable-Spandex-Balacava-Windproof/dp/B07XXCCZW3?dchild=1,facemasks,B07XXCCZW3,Brats N Beauty -Imported Unisex Winter Warm full face cover Breathable Cotton Fabric and Spandex Ski Cover Balacava Windproof Bike Face Mask for Bikers (Black), ₹ 599.00,None,0,0,0,0,0
https://www.amazon.in//DIVERSE-Mens-cotton-Cloth-DCURM01FP03L34-51_Multicolor_Free/dp/B08BGKV9FZ?dchild=1,facemasks,B08BGKV9FZ,DIVERSE Men's cotton Cloth Face Mask (Pack of 3) (DCURM01FP03L34-51_Multicolor_Free Size), ₹ 297.00,₹ 199.00,0,0,0,0,100
https://www.amazon.in//Acceptive-Anti-Pollution-Full-Face-Black/dp/B07MSHYYJ7?dchild=1,facemasks,B07MSHYYJ7,Acceptive Anti-Pollution Full Face Mask for Men (Black), ₹ 249.00,₹ 92.00,42,0,28,29,0
https://www.amazon.in//GRAPPLE-DEALS-Face-Mask-Breathable/dp/B07RX1TXZR?dchild=1,facemasks,B07RX1TXZR,GRAPPLE DEALS Men's Full Face Mask Breathable Cotton Spandex For Bike Riding/Dust And Sun UV Rays. (Any Color -1 Pcs), ₹ 399.00,None,32,11,19,20,18
https://www.amazon.in//BUkkL-Protection-Non-Suffocating-Comfortable-Polyproplyene/dp/B0894S78K1?dchild=1,ppe,B0894S78K1,BUkkL PPE Safety Kit for Full Body Protection- Non-Suffocating+Comfortable For Travelling- 95 GSM- Polyproplyene material White (1 Pc)," ₹ 1,698.00",₹ 459.00,23,9,15,15,38
